VM;Disk;Capacity MB;Free MB;Free % 
FR0002FS1;G:\;117 757;16 391;13
FR0002FS1;H:\;20 476;20 410;99
FR0002FS1;I:\;10 236;10 192;99
FR0002FS1;F:\;182 269;39 669;21
FR0002FS1;J:\;399 356;398 068;99
FR0002FS1;C:\;61 436;41 947;68
FR0002FS1;E:\;99 325;10 750;10
FR0002FS1;D:\;69 629;39 448;56
FR0003FS1;D:\;54 269;39 886;73
FR0003FS1;C:\;61 436;42 580;69
FR0003FS1;G:\;117 757;50 413;42
FR0003FS1;F:\;174 077;39 448;22
FR0003FS1;I:\;10 236;10 192;99
FR0003FS1;J:\;399 356;398 068;99
FR0003FS1;E:\;119 805;47 324;39
FR0003FS1;H:\;20 476;20 410;99
FR0005FS1;E:\;120 829;41 046;33
FR0005FS1;J:\;399 356;398 068;99
FR0005FS1;D:\;63 485;39 657;62
FR0005FS1;C:\;61 436;40 951;66
FR0005FS1;F:\;180 221;49 865;27
FR0005FS1;H:\;20 476;20 410;99
FR0005FS1;G:\;117 757;79 831;67
FR0005FS1;I:\;10 236;10 192;99
FR0006FS1;C:\;61 436;42 117;68
FR0006FS1;I:\;10 236;10 192;99
FR0006FS1;J:\;399 356;398 068;99
FR0006FS1;G:\;117 757;62 226;52
FR0006FS1;H:\;20 476;20 410;99
FR0006FS1;D:\;60 413;39 334;65
FR0006FS1;E:\;112 637;42 746;37
FR0006FS1;F:\;153 597;51 982;33
FR0007FS1;J:\;399 356;398 068;99
FR0007FS1;F:\;165 885;27 082;16
FR0007FS1;I:\;10 236;10 192;99
FR0007FS1;H:\;20 476;20 410;99
FR0007FS1;G:\;117 757;37 907;32
FR0007FS1;C:\;61 436;37 650;61
FR0007FS1;E:\;129 021;36 749;28
FR0007FS1;D:\;55 293;29 783;53
FR0008FS1;J:\;399 356;398 068;99
FR0008FS1;C:\;61 436;38 085;61
FR0008FS1;E:\;147 453;13 349;9
FR0008FS1;D:\;67 581;39 525;58
FR0008FS1;G:\;117 757;95 274;80
FR0008FS1;F:\;158 717;34 716;21
FR0008FS1;H:\;20 476;20 410;99
FR0008FS1;I:\;10 236;10 192;99
FR0010FS1;J:\;399 356;398 068;99
FR0010FS1;D:\;53 789;38 944;72
FR0010FS1;E:\;113 061;39 629;35
FR0010FS1;F:\;152 636;64 705;42
FR0010FS1;G:\;117 846;42 506;36
FR0010FS1;C:\;61 436;41 142;66
FR0010FS1;H:\;20 476;20 410;99
FR0010FS1;I:\;10 236;10 192;99
FR0016FS1;F:\;186 365;29 332;15
FR0016FS1;C:\;61 436;42 611;69
FR0016FS1;H:\;20 476;20 410;99
FR0016FS1;J:\;399 356;398 068;99
FR0016FS1;I:\;10 236;10 192;99
FR0016FS1;K:\;81 789;2 615;3
FR0016FS1;G:\;117 757;33 944;28
FR0016FS1;E:\;105 469;36 547;34
FR0016FS1;D:\;56 317;39 436;70
FR0017FS1;H:\;20 476;20 410;99
FR0017FS1;I:\;10 236;10 192;99
FR0017FS1;G:\;133 117;3 187;2
FR0017FS1;J:\;399 356;398 068;99
FR0017FS1;D:\;56 317;39 815;70
FR0017FS1;F:\;192 509;20 124;10
FR0017FS1;C:\;61 436;36 594;59
FR0017FS1;E:\;94 205;34 467;36
FR0018FS1;G:\;117 757;55 195;46
FR0018FS1;J:\;399 356;398 068;99
FR0018FS1;F:\;180 221;5 253;2
FR0018FS1;I:\;10 236;10 192;99
FR0018FS1;E:\;121 853;51 774;42
FR0018FS1;D:\;54 269;39 588;72
FR0018FS1;H:\;20 476;20 410;99
FR0018FS1;C:\;61 436;37 768;61
FR0019FS1;H:\;20 476;20 410;99
FR0019FS1;I:\;10 236;10 192;99
FR0019FS1;G:\;117 757;40 449;34
FR0019FS1;J:\;399 356;398 068;99
FR0019FS1;C:\;61 436;42 324;68
FR0019FS1;D:\;58 365;39 232;67
FR0019FS1;E:\;107 517;40 761;37
FR0019FS1;F:\;161 789;46 266;28
FR0020FS1;E:\;179 197;94 164;52
FR0020FS1;G:\;168 957;114 734;67
FR0020FS1;H:\;20 476;20 410;99
FR0020FS1;I:\;10 236;10 192;99
FR0020FS1;J:\;399 356;398 068;99
FR0020FS1;C:\;61 436;42 448;69
FR0020FS1;F:\;265 213;98 347;37
FR0020FS1;D:\;102 397;80 274;78
FR0024FS1;I:\;10 236;10 192;99
FR0024FS1;G:\;117 757;56 226;47
FR0024FS1;C:\;61 436;41 834;68
FR0024FS1;D:\;59 389;39 995;67
FR0024FS1;E:\;95 229;37 359;39
FR0024FS1;F:\;175 101;59 604;34
FR0024FS1;H:\;20 476;20 410;99
FR0024FS1;J:\;399 356;398 068;99
FR0025FS1;E:\;123 901;37 202;30
FR0025FS1;C:\;61 436;40 558;66
FR0025FS1;D:\;61 437;39 258;63
FR0025FS1;I:\;10 236;10 192;99
FR0025FS1;J:\;399 356;398 068;99
FR0025FS1;G:\;117 757;60 158;51
FR0025FS1;H:\;20 476;20 410;99
FR0025FS1;F:\;171 005;23 544;13
FR0026FS1;J:\;399 356;398 068;99
FR0026FS1;I:\;10 236;10 192;99
FR0026FS1;H:\;20 476;20 410;99
FR0026FS1;G:\;117 757;102 752;87
FR0026FS1;F:\;156 669;49 751;31
FR0026FS1;C:\;61 436;43 114;70
FR0026FS1;E:\;150 525;35 397;23
FR0026FS1;D:\;64 509;39 580;61
FR0027FS1;D:\;47 101;20 028;42
FR0027FS1;C:\;61 436;42 087;68
FR0027FS1;I:\;10 236;10 192;99
FR0027FS1;E:\;66 556;25 811;38
FR0027FS1;F:\;162 813;11 011;6
FR0027FS1;J:\;399 356;398 068;99
FR0027FS1;G:\;92 156;32 319;35
FR0027FS1;H:\;20 476;20 410;99
FR0029FS1;C:\;61 436;38 384;62
FR0029FS1;H:\;20 476;20 410;99
FR0029FS1;D:\;53 245;29 795;55
FR0029FS1;E:\;118 781;27 228;22
FR0029FS1;I:\;10 236;10 192;99
FR0029FS1;J:\;399 356;398 068;99
FR0029FS1;F:\;169 981;24 730;14
FR0029FS1;G:\;117 757;44 576;37
FR0030FS1;E:\;147 453;34 035;23
FR0030FS1;F:\;172 029;78 423;45
FR0030FS1;C:\;61 436;42 796;69
FR0030FS1;D:\;68 605;39 661;57
FR0030FS1;H:\;20 476;20 410;99
FR0030FS1;G:\;117 757;96 582;82
FR0030FS1;I:\;10 236;10 192;99
FR0030FS1;J:\;399 356;398 068;99
FR0032FS1;D:\;43 005;29 035;67
FR0032FS1;C:\;61 436;9 219;15
FR0032FS1;G:\;117 757;13 325;11
FR0032FS1;I:\;10 236;10 192;99
FR0032FS1;E:\;102 397;43 267;42
FR0032FS1;J:\;399 356;398 068;99
FR0032FS1;F:\;189 437;6 902;3
FR0032FS1;H:\;20 476;20 397;99
FR0033FS1;F:\;161 789;36 153;22
FR0033FS1;D:\;58 365;40 192;68
FR0033FS1;H:\;20 476;20 410;99
FR0033FS1;J:\;399 356;398 068;99
FR0033FS1;I:\;10 236;10 192;99
FR0033FS1;E:\;95 229;42 816;44
FR0033FS1;C:\;61 436;42 335;68
FR0033FS1;G:\;117 757;19 458;16
FR0034FS1;F:\;162 813;45 144;27
FR0034FS1;J:\;399 356;398 068;99
FR0034FS1;I:\;10 236;10 192;99
FR0034FS1;H:\;20 476;20 410;99
FR0034FS1;D:\;53 245;39 591;74
FR0034FS1;G:\;117 757;64 915;55
FR0034FS1;E:\;113 661;60 234;52
FR0034FS1;C:\;61 436;42 054;68
FR0037FS1;G:\;117 757;87 884;74
FR0037FS1;D:\;62 461;39 810;63
FR0037FS1;F:\;179 197;39 516;22
FR0037FS1;E:\;112 637;42 270;37
FR0037FS1;I:\;10 236;10 192;99
FR0037FS1;C:\;61 436;41 559;67
FR0037FS1;J:\;399 356;398 068;99
FR0037FS1;H:\;20 476;20 410;99
FR0043FS1;E:\;111 613;35 142;31
FR0043FS1;C:\;61 436;43 125;70
FR0043FS1;G:\;117 757;57 307;48
FR0043FS1;F:\;188 413;41 182;21
FR0043FS1;I:\;10 236;10 192;99
FR0043FS1;J:\;399 356;398 068;99
FR0043FS1;H:\;20 476;20 410;99
FR0043FS1;D:\;70 653;39 332;55
FR0045FS1;J:\;399 356;398 068;99
FR0045FS1;I:\;10 236;10 192;99
FR0045FS1;C:\;61 436;39 286;63
FR0045FS1;G:\;117 757;61 957;52
FR0045FS1;H:\;20 476;20 410;99
FR0045FS1;D:\;54 269;29 423;54
FR0045FS1;E:\;119 805;24 684;20
FR0045FS1;F:\;164 861;80 283;48
FR0046FS1;I:\;10 236;10 192;99
FR0046FS1;F:\;153 597;42 441;27
FR0046FS1;G:\;117 757;76 207;64
FR0046FS1;D:\;67 581;39 277;58
FR0046FS1;H:\;20 476;20 410;99
FR0046FS1;J:\;399 356;398 068;99
FR0046FS1;C:\;61 436;42 176;68
FR0046FS1;E:\;92 157;42 465;46
FR0048FS1;G:\;117 757;35 134;29
FR0048FS1;E:\;119 805;40 972;34
FR0048FS1;H:\;20 476;20 410;99
FR0048FS1;C:\;61 436;41 639;67
FR0048FS1;D:\;54 269;40 085;73
FR0048FS1;F:\;168 957;58 468;34
FR0048FS1;J:\;399 356;398 068;99
FR0048FS1;I:\;10 236;10 192;99
FR0049FS1;H:\;20 476;20 410;99
FR0049FS1;J:\;399 356;398 068;99
FR0049FS1;G:\;117 757;28 739;24
FR0049FS1;I:\;10 236;10 192;99
FR0049FS1;F:\;179 197;51 038;28
FR0049FS1;E:\;92 157;38 171;41
FR0049FS1;D:\;55 293;40 053;72
FR0049FS1;C:\;61 436;41 941;68
FR0052FS1;J:\;399 356;398 068;99
FR0052FS1;G:\;117 757;30 633;26
FR0052FS1;F:\;180 221;29 149;16
FR0052FS1;E:\;92 157;38 370;41
FR0052FS1;D:\;52 221;29 666;56
FR0052FS1;C:\;61 436;38 345;62
FR0052FS1;I:\;10 236;10 192;99
FR0052FS1;H:\;20 476;20 410;99
FR0055FS1;G:\;117 757;54 645;46
FR0055FS1;H:\;20 476;20 410;99
FR0055FS1;F:\;153 597;26 744;17
FR0055FS1;I:\;10 236;10 192;99
FR0055FS1;C:\;61 436;32 859;53
FR0055FS1;D:\;43 005;23 560;54
FR0055FS1;J:\;399 356;398 068;99
FR0055FS1;E:\;92 157;39 309;42
FR0056FS1;J:\;399 356;398 068;99
FR0056FS1;F:\;159 741;44 802;28
FR0056FS1;E:\;92 157;45 551;49
FR0056FS1;H:\;20 476;20 410;99
FR0056FS1;C:\;61 436;42 407;69
FR0056FS1;I:\;10 236;10 192;99
FR0056FS1;G:\;132 093;29 548;22
FR0056FS1;D:\;52 221;40 019;76
FR0059FS1;H:\;20 476;20 410;99
FR0059FS1;I:\;10 236;10 192;99
FR0059FS1;G:\;92 156;20 998;22
FR0059FS1;F:\;115 709;20 863;18
FR0059FS1;J:\;399 356;398 068;99
FR0059FS1;D:\;41 981;20 605;49
FR0059FS1;E:\;66 556;22 141;33
FR0059FS1;C:\;61 436;41 280;67
FR0061FS1;E:\;111 613;38 916;34
FR0061FS1;F:\;184 317;40 582;22
FR0061FS1;J:\;399 356;398 068;99
FR0061FS1;I:\;10 236;10 192;99
FR0061FS1;H:\;20 476;20 410;99
FR0061FS1;D:\;68 605;39 798;58
FR0061FS1;C:\;61 436;38 548;62
FR0061FS1;G:\;117 757;58 804;49
FR0064FS1;E:\;110 589;41 379;37
FR0064FS1;F:\;153 597;52 439;34
FR0064FS1;H:\;20 476;20 410;99
FR0064FS1;C:\;61 436;42 086;68
FR0064FS1;J:\;399 356;398 068;99
FR0064FS1;G:\;117 757;32 834;27
FR0064FS1;I:\;10 236;10 192;99
FR0064FS1;D:\;60 413;39 343;65
FR0065FS1;C:\;61 436;38 340;62
FR0065FS1;H:\;20 476;20 410;99
FR0065FS1;G:\;117 757;58 431;49
FR0065FS1;D:\;53 245;28 986;54
FR0065FS1;F:\;169 981;28 791;16
FR0065FS1;I:\;10 236;10 192;99
FR0065FS1;J:\;399 356;398 068;99
FR0065FS1;E:\;106 493;30 564;28
FR0066FS1;I:\;10 236;10 192;99
FR0066FS1;E:\;113 661;37 663;33
FR0066FS1;D:\;58 365;29 758;50
FR0066FS1;H:\;20 476;20 410;99
FR0066FS1;J:\;399 356;398 068;99
FR0066FS1;F:\;153 597;43 313;28
FR0066FS1;C:\;61 436;38 981;63
FR0066FS1;G:\;117 757;64 113;54
FR0067FS1;J:\;399 356;398 068;99
FR0067FS1;H:\;20 476;20 410;99
FR0067FS1;F:\;176 125;22 389;12
FR0067FS1;I:\;10 236;10 192;99
FR0067FS1;G:\;117 757;57 881;49
FR0067FS1;C:\;61 436;41 190;67
FR0067FS1;D:\;55 293;39 401;71
FR0067FS1;E:\;155 645;38 682;24
FR0069FS1;I:\;10 236;10 192;99
FR0069FS1;J:\;399 356;398 068;99
FR0069FS1;F:\;153 597;59 658;38
FR0069FS1;E:\;121 853;40 634;33
FR0069FS1;D:\;58 365;39 583;67
FR0069FS1;C:\;61 436;42 482;69
FR0069FS1;H:\;20 476;20 410;99
FR0069FS1;G:\;117 757;50 905;43
FR0071FS1;J:\;399 356;398 068;99
FR0071FS1;H:\;20 476;20 410;99
FR0071FS1;C:\;61 436;42 629;69
FR0071FS1;D:\;68 605;39 662;57
FR0071FS1;E:\;92 157;57 046;61
FR0071FS1;F:\;181 245;37 431;20
FR0071FS1;I:\;10 236;10 192;99
FR0071FS1;G:\;124 925;23 004;18
FR0074FS1;E:\;92 157;54 729;59
FR0074FS1;F:\;182 269;18 667;10
FR0074FS1;H:\;20 476;20 363;99
FR0074FS1;C:\;61 436;42 114;68
FR0074FS1;D:\;67 581;39 930;59
FR0074FS1;G:\;125 949;20 230;16
FR0074FS1;J:\;399 356;398 020;99
FR0074FS1;I:\;10 236;10 144;99
FR0077FS1;I:\;10 236;10 192;99
FR0077FS1;F:\;153 597;33 575;21
FR0077FS1;E:\;135 165;46 385;34
FR0077FS1;C:\;61 436;36 738;59
FR0077FS1;D:\;59 389;40 115;67
FR0077FS1;J:\;399 356;398 068;99
FR0077FS1;G:\;307 197;30 356;9
FR0077FS1;H:\;20 476;20 410;99
FR0079FS1;C:\;61 436;37 886;61
FR0079FS1;D:\;51 197;29 344;57
FR0079FS1;F:\;158 717;21 166;13
FR0079FS1;E:\;92 157;51 662;56
FR0079FS1;J:\;399 356;376 266;94
FR0079FS1;I:\;10 236;10 192;99
FR0079FS1;G:\;137 213;10 234;7
FR0079FS1;H:\;20 476;20 410;99
FR0080FS1;C:\;61 436;42 755;69
FR0080FS1;G:\;117 757;85 004;72
FR0080FS1;E:\;139 261;21 073;15
FR0080FS1;J:\;399 356;398 068;99
FR0080FS1;D:\;68 605;39 545;57
FR0080FS1;F:\;200 701;36 112;17
FR0080FS1;I:\;10 236;10 192;99
FR0080FS1;H:\;20 476;20 410;99
FR0081FS1;I:\;10 236;10 192;99
FR0081FS1;J:\;399 356;398 068;99
FR0081FS1;F:\;163 837;40 811;24
FR0081FS1;E:\;161 789;39 716;24
FR0081FS1;D:\;60 413;40 045;66
FR0081FS1;C:\;61 436;41 842;68
FR0081FS1;G:\;117 757;91 605;77
FR0081FS1;H:\;20 476;20 410;99
FR0084FS1;F:\;127 997;7 725;6
FR0084FS1;C:\;61 436;40 892;66
FR0084FS1;H:\;20 476;20 410;99
FR0084FS1;I:\;10 236;10 192;99
FR0084FS1;E:\;66 556;32 727;49
FR0084FS1;J:\;399 356;398 068;99
FR0084FS1;D:\;40 957;20 528;50
FR0084FS1;G:\;110 589;3 790;3
FR0085FS1;D:\;68 605;39 537;57
FR0085FS1;E:\;92 157;52 293;56
FR0085FS1;F:\;169 981;65 045;38
FR0085FS1;I:\;10 236;10 192;99
FR0085FS1;C:\;61 436;40 048;65
FR0085FS1;H:\;20 476;20 410;99
FR0085FS1;G:\;122 877;39 520;32
FR0085FS1;J:\;399 356;398 068;99
FR0086FS1;C:\;61 436;39 016;63
FR0086FS1;J:\;399 356;398 068;99
FR0086FS1;D:\;64 509;39 788;61
FR0086FS1;E:\;100 349;37 453;37
FR0086FS1;F:\;180 221;54 043;29
FR0086FS1;G:\;117 757;28 497;24
FR0086FS1;H:\;20 476;20 410;99
FR0086FS1;I:\;10 236;10 192;99
FR0091FS1;C:\;61 436;42 865;69
FR0091FS1;D:\;63 485;40 125;63
FR0091FS1;E:\;92 157;51 579;55
FR0091FS1;I:\;10 236;10 192;99
FR0091FS1;J:\;399 356;398 068;99
FR0091FS1;H:\;20 476;20 410;99
FR0091FS1;G:\;117 757;65 186;55
FR0091FS1;F:\;192 509;18 904;9
FR0125FS1;C:\;61 436;43 386;70
FR0125FS1;D:\;59 389;40 110;67
FR0125FS1;J:\;399 356;398 068;99
FR0125FS1;E:\;132 093;40 227;30
FR0125FS1;F:\;180 221;46 472;25
FR0125FS1;G:\;117 757;74 236;63
FR0125FS1;H:\;20 476;20 410;99
FR0125FS1;I:\;10 236;10 192;99
FR0131FS1;J:\;399 356;398 068;99
FR0131FS1;I:\;10 236;10 192;99
FR0131FS1;G:\;117 757;81 665;69
FR0131FS1;H:\;20 476;20 410;99
FR0131FS1;E:\;118 781;23 240;19
FR0131FS1;D:\;73 725;39 232;53
FR0131FS1;F:\;179 197;60 644;33
FR0131FS1;C:\;61 436;43 899;71
FR0162FS1;F:\;153 597;130 001;84
FR0162FS1;E:\;92 157;90 615;98
FR0162FS1;D:\;75 773;39 946;52
FR0162FS1;C:\;61 436;38 226;62
FR0162FS1;G:\;117 757;96 891;82
FR0162FS1;H:\;20 476;20 410;99
FR0162FS1;I:\;10 236;10 191;99
FR0162FS1;J:\;399 356;398 068;99
FR0165FS1;I:\;10 236;10 192;99
FR0165FS1;H:\;20 476;20 410;99
FR0165FS1;E:\;66 556;66 454;99
FR0165FS1;C:\;61 436;40 254;65
FR0165FS1;F:\;112 636;112 120;99
FR0165FS1;D:\;22 524;5 061;22
FR0165FS1;G:\;92 156;87 323;94
FR0165FS1;J:\;399 356;398 068;99
FR0166FS1;C:\;61 436;35 371;57
FR0166FS1;G:\;92 156;91 756;99
FR0166FS1;E:\;66 556;66 454;99
FR0166FS1;F:\;112 636;112 511;99
FR0166FS1;H:\;20 476;20 410;99
FR0166FS1;J:\;399 356;398 068;99
FR0166FS1;I:\;10 236;10 192;99
FR0166FS1;D:\;22 524;5 408;24
FR0168FS1;E:\;66 556;66 439;99
FR0168FS1;F:\;112 636;83 783;74
FR0168FS1;D:\;22 524;4 973;22
FR0168FS1;J:\;399 356;398 068;99
FR0168FS1;G:\;92 156;73 389;79
FR0168FS1;H:\;20 476;20 410;99
FR0168FS1;I:\;10 236;10 192;99
FR0168FS1;C:\;61 436;31 040;50
FR0218FS1;H:\;20 476;20 410;99
FR0218FS1;I:\;10 236;10 192;99
FR0218FS1;G:\;117 757;71 288;60
FR0218FS1;C:\;61 436;43 479;70
FR0218FS1;F:\;153 597;77 140;50
FR0218FS1;J:\;399 356;398 068;99
FR0218FS1;E:\;92 157;90 615;98
FR0218FS1;D:\;75 773;39 916;52
FR0344FS1;F:\;161 789;70 549;43
FR0344FS1;G:\;117 757;98 113;83
FR0344FS1;C:\;61 436;42 642;69
FR0344FS1;D:\;63 485;39 705;62
FR0344FS1;E:\;95 229;41 768;43
FR0344FS1;J:\;399 356;398 068;99
FR0344FS1;I:\;10 236;10 192;99
FR0344FS1;H:\;20 476;20 410;99
FR0345FS1;J:\;399 356;398 068;99
FR0345FS1;I:\;10 236;10 192;99
FR0345FS1;H:\;20 476;20 410;99
FR0345FS1;G:\;117 757;109 736;93
FR0345FS1;F:\;153 597;80 093;52
FR0345FS1;D:\;60 413;40 090;66
FR0345FS1;C:\;61 436;31 451;51
FR0345FS1;E:\;148 477;21 815;14
FR0346FS1;J:\;399 356;398 068;99
FR0346FS1;C:\;61 436;42 895;69
FR0346FS1;I:\;10 236;10 192;99
FR0346FS1;D:\;60 413;39 312;65
FR0346FS1;E:\;119 805;43 484;36
FR0346FS1;F:\;161 789;46 361;28
FR0346FS1;G:\;117 757;91 055;77
FR0346FS1;H:\;20 476;20 410;99
FR0501FS1;I:\;10 236;10 192;99
FR0501FS1;J:\;399 356;398 068;99
FR0501FS1;F:\;153 597;23 514;15
FR0501FS1;D:\;48 125;29 273;60
FR0501FS1;E:\;127 997;25 922;20
FR0501FS1;H:\;20 476;20 410;99
FR0501FS1;G:\;117 757;81 605;69
FR0501FS1;C:\;61 436;39 008;63
FR0502FS1;F:\;132 093;8 992;6
FR0502FS1;I:\;10 236;10 192;99
FR0502FS1;H:\;20 476;20 410;99
FR0502FS1;D:\;44 029;20 442;46
FR0502FS1;J:\;399 356;398 068;99
FR0502FS1;G:\;110 589;21 771;19
FR0502FS1;E:\;66 556;46 738;70
FR0502FS1;C:\;61 436;42 344;68
FR0503FS1;D:\;66 557;39 477;59
FR0503FS1;I:\;10 236;10 192;99
FR0503FS1;J:\;399 356;398 068;99
FR0503FS1;F:\;174 077;37 558;21
FR0503FS1;G:\;117 757;67 419;57
FR0503FS1;H:\;20 476;20 410;99
FR0503FS1;E:\;113 661;44 681;39
FR0503FS1;C:\;61 436;43 769;71
FR0509FS1;C:\;61 436;42 452;69
FR0509FS1;J:\;399 356;398 068;99
FR0509FS1;G:\;117 757;52 904;44
FR0509FS1;H:\;20 476;20 410;99
FR0509FS1;E:\;106 493;45 552;42
FR0509FS1;I:\;10 236;10 192;99
FR0509FS1;F:\;175 101;58 199;33
FR0509FS1;D:\;58 365;39 796;68
FR0513FS1;J:\;399 356;398 068;99
FR0513FS1;H:\;20 476;20 410;99
FR0513FS1;I:\;10 236;10 192;99
FR0513FS1;G:\;117 757;62 095;52
FR0513FS1;E:\;131 069;39;0
FR0513FS1;C:\;61 436;42 260;68
FR0513FS1;F:\;176 125;65 866;37
FR0513FS1;D:\;58 365;39 864;68
FR0515FS1;H:\;20 476;20 410;99
FR0515FS1;E:\;112 637;37 037;32
FR0515FS1;C:\;61 436;38 683;62
FR0515FS1;D:\;71 677;39 962;55
FR0515FS1;G:\;117 757;57 052;48
FR0515FS1;F:\;199 677;23 713;11
FR0515FS1;J:\;399 356;398 068;99
FR0515FS1;I:\;10 236;10 192;99
FR0517FS1;J:\;399 356;398 068;99
FR0517FS1;I:\;10 236;10 192;99
FR0517FS1;D:\;44 029;20 226;45
FR0517FS1;H:\;20 476;20 410;99
FR0517FS1;C:\;61 436;41 233;67
FR0517FS1;G:\;92 156;35 489;38
FR0517FS1;F:\;112 636;27 944;24
FR0517FS1;E:\;78 845;17 041;21
FR0524FS1;G:\;117 757;76 360;64
FR0524FS1;F:\;153 597;6 611;4
FR0524FS1;E:\;137 213;29 569;21
FR0524FS1;D:\;44 029;29 094;66
FR0524FS1;C:\;81 916;59 429;72
FR0524FS1;J:\;399 356;398 021;99
FR0524FS1;I:\;10 236;10 144;99
FR0524FS1;H:\;20 476;20 363;99
FR0527FS1;E:\;96 253;38 436;39
FR0527FS1;J:\;399 356;398 068;99
FR0527FS1;C:\;61 436;43 019;70
FR0527FS1;D:\;67 581;40 106;59
FR0527FS1;G:\;117 757;41 898;35
FR0527FS1;F:\;164 861;53 779;32
FR0527FS1;I:\;10 236;10 192;99
FR0527FS1;H:\;20 476;20 410;99
FR0530FS1;H:\;20 476;20 410;99
FR0530FS1;I:\;10 236;10 192;99
FR0530FS1;G:\;117 757;29 272;24
FR0530FS1;D:\;61 437;39 964;65
FR0530FS1;J:\;399 356;398 068;99
FR0530FS1;C:\;61 436;41 722;67
FR0530FS1;F:\;172 029;36 929;21
FR0530FS1;E:\;92 157;44 266;48
FR0534FS1;I:\;10 236;10 192;99
FR0534FS1;J:\;399 356;398 068;99
FR0534FS1;H:\;20 476;20 410;99
FR0534FS1;G:\;122 877;25 979;21
FR0534FS1;F:\;176 125;36 553;20
FR0534FS1;E:\;92 157;60 425;65
FR0534FS1;D:\;63 485;39 675;62
FR0534FS1;C:\;61 436;41 358;67
FR0538FS1;J:\;399 356;398 068;99
FR0538FS1;H:\;20 476;20 410;99
FR0538FS1;C:\;61 436;42 299;68
FR0538FS1;D:\;57 341;40 067;69
FR0538FS1;E:\;92 157;57 605;62
FR0538FS1;G:\;117 757;38 939;33
FR0538FS1;F:\;153 597;65 199;42
FR0538FS1;I:\;10 236;10 192;99
FR0548FS1;G:\;117 757;58 047;49
FR0548FS1;D:\;57 341;29 634;51
FR0548FS1;F:\;179 197;29 189;16
FR0548FS1;E:\;120 829;47 593;39
FR0548FS1;H:\;20 476;20 410;99
FR0548FS1;C:\;61 436;36 780;59
FR0548FS1;I:\;10 236;10 192;99
FR0548FS1;J:\;399 356;398 068;99
FR0549FS1;I:\;10 236;10 192;99
FR0549FS1;H:\;20 476;20 410;99
FR0549FS1;J:\;399 356;398 068;99
FR0549FS1;F:\;194 557;42 265;21
FR0549FS1;G:\;117 757;31 332;26
FR0549FS1;C:\;61 436;42 944;69
FR0549FS1;D:\;67 581;39 941;59
FR0549FS1;E:\;92 157;39 947;43
FR0550FS1;I:\;10 236;10 192;99
FR0550FS1;H:\;20 476;20 410;99
FR0550FS1;J:\;399 356;398 068;99
FR0550FS1;D:\;41 981;20 376;48
FR0550FS1;G:\;92 156;55 676;60
FR0550FS1;C:\;61 436;42 380;68
FR0550FS1;E:\;79 869;18 242;22
FR0550FS1;F:\;118 781;18 479;15
FR0679FS1;C:\;61 436;36 834;59
FR0679FS1;G:\;117 757;34 317;29
FR0679FS1;D:\;52 221;40 019;76
FR0679FS1;E:\;138 237;41 029;29
FR0679FS1;F:\;174 077;60 650;34
FR0679FS1;J:\;399 356;398 068;99
FR0679FS1;H:\;20 476;20 410;99
FR0679FS1;I:\;10 236;10 192;99
FR6611FS1;F:\;112 636;89 622;79
FR6611FS1;G:\;92 156;83 689;90
FR6611FS1;I:\;10 236;10 192;99
FR6611FS1;C:\;61 436;40 196;65
FR6611FS1;H:\;20 476;20 410;99
FR6611FS1;D:\;22 524;5 060;22
FR6611FS1;E:\;66 556;66 454;99
FR6611FS1;J:\;399 356;398 068;99
FR7302FS1;C:\;61 436;42 262;68
FR7302FS1;H:\;20 476;20 410;99
FR7302FS1;I:\;10 236;10 192;99
FR7302FS1;J:\;399 356;398 068;99
FR7302FS1;G:\;92 156;42 847;46
FR7302FS1;F:\;123 901;13 896;11
FR7302FS1;E:\;75 773;20 448;26
FR7302FS1;D:\;50 173;20 175;40
FR7309FS1;J:\;399 356;398 068;99
FR7309FS1;I:\;10 236;10 192;99
FR7309FS1;E:\;130 045;35 013;26
FR7309FS1;C:\;61 436;41 329;67
FR7309FS1;H:\;20 476;20 410;99
FR7309FS1;D:\;56 317;39 832;70
FR7309FS1;G:\;117 757;85 101;72
FR7309FS1;F:\;178 173;53 828;30
FR7312FS1;H:\;20 476;20 410;99
FR7312FS1;J:\;399 356;398 068;99
FR7312FS1;F:\;182 269;43 557;23
FR7312FS1;I:\;10 236;10 192;99
FR7312FS1;G:\;117 757;68 796;58
FR7312FS1;C:\;61 436;40 866;66
FR7312FS1;D:\;59 389;39 191;65
FR7312FS1;E:\;94 205;43 845;46
FR7313FS1;D:\;59 389;39 978;67
FR7313FS1;E:\;139 261;44 194;31
FR7313FS1;F:\;168 957;17 305;10
FR7313FS1;G:\;117 757;67 284;57
FR7313FS1;H:\;20 476;20 410;99
FR7313FS1;J:\;399 356;398 068;99
FR7313FS1;I:\;10 236;10 192;99
FR7313FS1;C:\;61 436;33 953;55
FR7315FS1;C:\;61 436;37 524;61
FR7315FS1;F:\;153 597;76 535;49
FR7315FS1;E:\;99 325;36 376;36
FR7315FS1;I:\;10 236;10 192;99
FR7315FS1;H:\;20 476;20 410;99
FR7315FS1;J:\;399 356;398 068;99
FR7315FS1;D:\;50 173;29 767;59
FR7315FS1;G:\;117 757;44 797;38
FR7325FS1;J:\;399 356;398 068;99
FR7325FS1;H:\;20 476;20 410;99
FR7325FS1;F:\;167 933;56 499;33
FR7325FS1;G:\;117 757;46 736;39
FR7325FS1;I:\;10 236;10 192;99
FR7325FS1;E:\;104 445;42 340;40
FR7325FS1;C:\;61 436;42 082;68
FR7325FS1;D:\;57 341;39 724;69
FR7327FS1;E:\;124 925;29 489;23
FR7327FS1;D:\;56 317;29 185;51
FR7327FS1;G:\;117 757;84 694;71
FR7327FS1;H:\;20 476;20 410;99
FR7327FS1;J:\;399 356;398 068;99
FR7327FS1;F:\;153 597;80 226;52
FR7327FS1;C:\;61 436;39 185;63
FR7327FS1;I:\;10 236;10 192;99
FR7328FS1;C:\;61 436;42 862;69
FR7328FS1;I:\;10 236;10 192;99
FR7328FS1;J:\;399 356;398 068;99
FR7328FS1;G:\;147 453;29 062;19
FR7328FS1;D:\;66 557;39 570;59
FR7328FS1;E:\;92 157;47 480;51
FR7328FS1;F:\;214 013;44 926;20
FR7328FS1;H:\;20 476;20 410;99
FR7331FS1;I:\;10 236;10 192;99
FR7331FS1;G:\;117 757;48 280;40
FR7331FS1;F:\;161 789;26 198;16
FR7331FS1;E:\;92 157;28 656;31
FR7331FS1;D:\;51 197;30 009;58
FR7331FS1;J:\;399 356;398 068;99
FR7331FS1;C:\;61 436;39 244;63
FR7331FS1;H:\;20 476;20 410;99
FR7336FS1;J:\;399 356;398 068;99
FR7336FS1;D:\;71 677;39 322;54
FR7336FS1;I:\;10 236;10 192;99
FR7336FS1;H:\;20 476;20 410;99
FR7336FS1;F:\;171 005;35 570;20
FR7336FS1;E:\;92 157;58 558;63
FR7336FS1;G:\;117 757;25 646;21
FR7336FS1;C:\;61 436;42 922;69
FR7337FS1;H:\;20 476;20 410;99
FR7337FS1;D:\;69 629;39 519;56
FR7337FS1;C:\;61 436;42 706;69
FR7337FS1;E:\;92 157;61 945;67
FR7337FS1;J:\;399 356;398 068;99
FR7337FS1;I:\;10 236;10 192;99
FR7337FS1;F:\;156 669;64 953;41
FR7337FS1;G:\;136 189;32 047;23
FR7342FS1;D:\;56 317;39 282;69
FR7342FS1;J:\;399 356;398 068;99
FR7342FS1;H:\;20 476;20 410;99
FR7342FS1;C:\;61 436;43 742;71
FR7342FS1;I:\;10 236;10 192;99
FR7342FS1;E:\;129 021;49 154;38
FR7342FS1;F:\;196 605;43 781;22
FR7342FS1;G:\;117 757;53 656;45
FR7343FS1;G:\;117 757;52 560;44
FR7343FS1;F:\;191 485;58 180;30
FR7343FS1;E:\;124 925;41 374;33
FR7343FS1;I:\;10 236;10 192;99
FR7343FS1;J:\;399 356;398 068;99
FR7343FS1;D:\;65 533;40 189;61
FR7343FS1;C:\;61 436;42 143;68
FR7343FS1;H:\;20 476;20 410;99
FR7345FS1;H:\;20 476;20 410;99
FR7345FS1;C:\;61 436;37 213;60
FR7345FS1;I:\;10 236;10 192;99
FR7345FS1;J:\;399 356;398 068;99
FR7345FS1;G:\;117 757;67 655;57
FR7345FS1;D:\;70 653;39 600;56
FR7345FS1;E:\;115 709;41 975;36
FR7345FS1;F:\;202 749;46 526;22
FR7347FS1;D:\;60 413;39 811;65
FR7347FS1;I:\;10 236;10 192;99
FR7347FS1;E:\;142 333;42 265;29
FR7347FS1;F:\;169 981;46 858;27
FR7347FS1;C:\;61 436;42 451;69
FR7347FS1;G:\;117 757;94 102;79
FR7347FS1;J:\;399 356;398 068;99
FR7347FS1;H:\;20 476;20 410;99
FR7348FS1;C:\;61 436;40 998;66
FR7348FS1;G:\;117 757;40 994;34
FR7348FS1;D:\;63 485;39 597;62
FR7348FS1;F:\;164 861;37 007;22
FR7348FS1;H:\;20 476;20 410;99
FR7348FS1;I:\;10 236;10 192;99
FR7348FS1;E:\;99 325;43 561;43
FR7348FS1;J:\;399 356;398 068;99
FR7350FS1;D:\;65 533;39 443;60
FR7350FS1;F:\;153 597;59 057;38
FR7350FS1;C:\;61 436;39 395;64
FR7350FS1;E:\;96 253;42 485;44
FR7350FS1;H:\;20 476;20 410;99
FR7350FS1;J:\;399 356;398 068;99
FR7350FS1;I:\;10 236;10 192;99
FR7350FS1;G:\;117 757;77 738;66
FR7352FS1;D:\;57 341;39 535;68
FR7352FS1;H:\;20 476;20 410;99
FR7352FS1;C:\;61 436;38 963;63
FR7352FS1;F:\;153 597;54 843;35
FR7352FS1;I:\;10 236;10 192;99
FR7352FS1;E:\;96 253;44 235;45
FR7352FS1;J:\;399 356;398 068;99
FR7352FS1;G:\;117 757;86 756;73
FR7358FS1;I:\;10 236;10 192;99
FR7358FS1;H:\;20 476;20 410;99
FR7358FS1;D:\;44 029;20 360;46
FR7358FS1;G:\;92 156;72 474;78
FR7358FS1;F:\;112 636;15 517;13
FR7358FS1;E:\;97 277;20 684;21
FR7358FS1;C:\;61 436;42 032;68
FR7358FS1;J:\;399 356;398 068;99
FR7412FS1;D:\;67 581;39 751;58
FR7412FS1;H:\;20 476;20 410;99
FR7412FS1;C:\;61 436;42 743;69
FR7412FS1;F:\;202 749;54 635;26
FR7412FS1;G:\;117 757;77 314;65
FR7412FS1;E:\;122 877;43 015;35
FR7412FS1;J:\;399 356;398 068;99
FR7412FS1;I:\;10 236;10 192;99
FR7413FS1;J:\;399 356;398 068;99
FR7413FS1;H:\;20 476;20 410;99
FR7413FS1;I:\;10 236;10 192;99
FR7413FS1;G:\;117 757;42 732;36
FR7413FS1;F:\;153 597;45 910;29
FR7413FS1;E:\;92 157;59 580;64
FR7413FS1;D:\;61 437;39 419;64
FR7413FS1;C:\;61 436;37 550;61
FR7420FS1;C:\;61 436;39 094;63
FR7420FS1;F:\;159 741;51 900;32
FR7420FS1;J:\;399 356;398 068;99
FR7420FS1;D:\;63 485;29 658;46
FR7420FS1;G:\;117 757;76 395;64
FR7420FS1;H:\;20 476;20 410;99
FR7420FS1;I:\;10 236;10 192;99
FR7420FS1;E:\;106 493;31 786;29
